﻿<?xml version="1.0" encoding="utf-8"?>
<tags>
  <row Id="3" TagName="ruby" Count="1065" ExcerptPostId="483" WikiPostId="482" />
  <row Id="4" TagName="emacs" Count="122" ExcerptPostId="2117" WikiPostId="2116" />
  <row Id="8" TagName="python" Count="3653" ExcerptPostId="504" WikiPostId="503" />
  <row Id="9" TagName="go" Count="250" ExcerptPostId="2763" WikiPostId="2762" />
  <row Id="12" TagName="android" Count="1144" ExcerptPostId="245" WikiPostId="244" />
  <row Id="13" TagName="php" Count="1408" ExcerptPostId="329" WikiPostId="328" />
  <row Id="15" TagName="xcode" Count="718" ExcerptPostId="1584" WikiPostId="1583" />
  <row Id="16" TagName="ios" Count="1278" ExcerptPostId="325" WikiPostId="324" />
  <row Id="17" TagName="javascript" Count="2445" ExcerptPostId="297" WikiPostId="296" />
  <row Id="18" TagName="rest" Count="33" ExcerptPostId="16980" WikiPostId="16979" />
  <row Id="20" TagName="meteor" Count="7" />
  <row Id="22" TagName="iron-router" Count="1" ExcerptPostId="150" WikiPostId="149" />
  <row Id="25" TagName="chef" Count="16" ExcerptPostId="2655" WikiPostId="2654" />
  <row Id="30" TagName="markdown" Count="35" ExcerptPostId="1812" WikiPostId="1811" />
  <row Id="33" TagName="テキストファイル" Count="28" ExcerptPostId="3069" WikiPostId="3068" />
  <row Id="34" TagName="sed" Count="28" ExcerptPostId="2283" WikiPostId="2282" />
  <row Id="37" TagName="android-studio" Count="178" ExcerptPostId="445" WikiPostId="444" />
  <row Id="39" TagName="vagrant" Count="92" ExcerptPostId="2299" WikiPostId="2298" />
  <row Id="43" TagName="tungsten-replicator" Count="2" />
  <row Id="45" TagName="java" Count="1397" ExcerptPostId="475" WikiPostId="474" />
  <row Id="51" TagName="bash" Count="216" ExcerptPostId="2189" WikiPostId="2188" />
  <row Id="52" TagName="swift" Count="1730" ExcerptPostId="506" WikiPostId="505" />
  <row Id="53" TagName="objective-c" Count="474" ExcerptPostId="1586" WikiPostId="1585" />
  <row Id="54" TagName="c" Count="573" ExcerptPostId="2185" WikiPostId="2184" />
  <row Id="55" TagName="ポインタ" Count="33" ExcerptPostId="30231" WikiPostId="30230" />
  <row Id="57" TagName="cocoapods" Count="38" ExcerptPostId="56952" WikiPostId="56951" />
  <row Id="58" TagName="windows" Count="538" ExcerptPostId="393" WikiPostId="392" />
  <row Id="59" TagName="ruby-on-rails" Count="1362" ExcerptPostId="426" WikiPostId="425" />
  <row Id="60" TagName="git" Count="311" ExcerptPostId="428" WikiPostId="427" />
  <row Id="62" TagName="sphinx" Count="13" ExcerptPostId="2265" WikiPostId="2264" />
  <row Id="64" TagName="angularjs" Count="174" ExcerptPostId="1783" WikiPostId="1782" />
  <row Id="70" TagName="csv" Count="140" ExcerptPostId="1781" WikiPostId="1780" />
  <row Id="72" TagName="xcode6" Count="48" ExcerptPostId="2653" WikiPostId="2652" />
  <row Id="73" TagName="framework" Count="21" />
  <row Id="74" TagName="xib" Count="8" />
  <row Id="76" TagName="json" Count="247" ExcerptPostId="1574" WikiPostId="1573" />
  <row Id="77" TagName="decode" Count="4" ExcerptPostId="15011" WikiPostId="15010" />
  <row Id="78" TagName="unicode" Count="21" ExcerptPostId="14381" WikiPostId="14380" />
  <row Id="79" TagName="bundler" Count="27" ExcerptPostId="431" WikiPostId="430" />
  <row Id="80" TagName="centos" Count="329" ExcerptPostId="488" WikiPostId="487" />
  <row Id="81" TagName="svn" Count="16" ExcerptPostId="1576" WikiPostId="1575" />
  <row Id="83" TagName=".net" Count="251" ExcerptPostId="1673" WikiPostId="1672" />
  <row Id="84" TagName="visual-studio" Count="318" ExcerptPostId="365" WikiPostId="364" />
  <row Id="85" TagName="c#" Count="1179" ExcerptPostId="1572" WikiPostId="1571" />
  <row Id="86" TagName="css" Count="606" ExcerptPostId="420" WikiPostId="419" />
  <row Id="88" TagName="bitbucket" Count="9" ExcerptPostId="1814" WikiPostId="1813" />
  <row Id="89" TagName="ssh" Count="102" ExcerptPostId="2292" WikiPostId="2291" />
  <row Id="90" TagName="html5" Count="279" ExcerptPostId="434" WikiPostId="433" />
  <row Id="91" TagName="ocaml" Count="33" ExcerptPostId="448" WikiPostId="447" />
  <row Id="92" TagName="webview" Count="37" ExcerptPostId="268" WikiPostId="267" />
  <row Id="93" TagName="flask" Count="59" ExcerptPostId="6460" WikiPostId="6459" />
  <row Id="95" TagName="sql" Count="324" ExcerptPostId="2281" WikiPostId="2280" />
  <row Id="96" TagName="facebook" Count="43" ExcerptPostId="2222" WikiPostId="2221" />
  <row Id="99" TagName="github" Count="147" ExcerptPostId="2207" WikiPostId="2206" />
  <row Id="100" TagName="quartz" Count="2" />
  <row Id="102" TagName="processing" Count="32" ExcerptPostId="44657" WikiPostId="44656" />
  <row Id="103" TagName="uitableview" Count="67" ExcerptPostId="42725" WikiPostId="42724" />
  <row Id="104" TagName="jquery" Count="615" ExcerptPostId="467" WikiPostId="466" />
  <row Id="105" TagName="gc" Count="3" />
  <row Id="110" TagName="sql-server" Count="77" ExcerptPostId="29824" WikiPostId="29823" />
  <row Id="111" TagName="edinet" Count="2" ExcerptPostId="5374" WikiPostId="5373" />
  <row Id="113" TagName="tableview" Count="16" />
  <row Id="115" TagName="guava" Count="3" />
  <row Id="116" TagName="iphone" Count="165" ExcerptPostId="508" WikiPostId="507" />
  <row Id="117" TagName="scrollview" Count="8" />
  <row Id="118" TagName="delegate" Count="16" ExcerptPostId="37303" WikiPostId="37302" />
  <row Id="119" TagName="build" Count="27" ExcerptPostId="30366" WikiPostId="30365" />
  <row Id="121" TagName="sublimetext" Count="28" ExcerptPostId="30221" WikiPostId="30220" />
  <row Id="126" TagName="notification" Count="9" />
  <row Id="127" TagName="vim" Count="154" ExcerptPostId="491" WikiPostId="490" />
  <row Id="128" TagName="linux" Count="742" ExcerptPostId="2058" WikiPostId="2057" />
  <row Id="129" TagName="xml" Count="94" ExcerptPostId="35379" WikiPostId="35378" />
  <row Id="131" TagName="xpath" Count="31" />
  <row Id="133" TagName="gradle" Count="53" ExcerptPostId="30159" WikiPostId="30158" />
  <row Id="134" TagName="apt" Count="27" ExcerptPostId="29973" WikiPostId="29972" />
  <row Id="136" TagName="xamarin" Count="43" ExcerptPostId="1777" WikiPostId="1776" />
  <row Id="138" TagName="asp.net" Count="114" ExcerptPostId="1651" WikiPostId="1650" />
  <row Id="139" TagName="razor" Count="8" ExcerptPostId="1779" WikiPostId="1778" />
  <row Id="140" TagName="cordova" Count="126" ExcerptPostId="4525" WikiPostId="4524" />
  <row Id="141" TagName="video" Count="18" />
  <row Id="142" TagName="mvc" Count="45" ExcerptPostId="30281" WikiPostId="30280" />
  <row Id="143" TagName="android-listfragment" Count="9" />
  <row Id="144" TagName="facebook-graph-api" Count="14" />
  <row Id="146" TagName="material-design" Count="6" ExcerptPostId="404" WikiPostId="403" />
  <row Id="147" TagName="ios-simulator" Count="6" />
  <row Id="148" TagName="bootstrap" Count="67" ExcerptPostId="35214" WikiPostId="35213" />
  <row Id="149" TagName="ios6" Count="2" ExcerptPostId="3035" WikiPostId="3034" />
  <row Id="150" TagName="uinavigationcontroller" Count="16" ExcerptPostId="57048" WikiPostId="57047" />
  <row Id="151" TagName="docker" Count="303" ExcerptPostId="2626" WikiPostId="2625" />
  <row Id="152" TagName="pry" Count="8" ExcerptPostId="39233" WikiPostId="39232" />
  <row Id="155" TagName="デプロイ" Count="25" ExcerptPostId="30251" WikiPostId="30250" />
  <row Id="156" TagName="grep" Count="19" ExcerptPostId="3062" WikiPostId="3061" />
  <row Id="160" TagName="html-agility-pack" Count="1" ExcerptPostId="477" WikiPostId="476" />
  <row Id="162" TagName="oracle-cdc" Count="2" />
  <row Id="164" TagName="appstore-approval" Count="7" ExcerptPostId="4720" WikiPostId="4719" />
  <row Id="165" TagName="rspec" Count="62" ExcerptPostId="2679" WikiPostId="2678" />
  <row Id="167" TagName="unity3d" Count="351" ExcerptPostId="500" WikiPostId="499" />
  <row Id="168" TagName="google-app-engine" Count="67" ExcerptPostId="42727" WikiPostId="42726" />
  <row Id="169" TagName="cakephp" Count="185" ExcerptPostId="4631" WikiPostId="4630" />
  <row Id="170" TagName="apple" Count="15" ExcerptPostId="3073" WikiPostId="3072" />
  <row Id="1170" TagName="vmware-fusion" Count="2" ExcerptPostId="2301" WikiPostId="2300" />
  <row Id="1171" TagName="network" Count="207" ExcerptPostId="12218" WikiPostId="12217" />
  <row Id="1172" TagName="azure" Count="98" ExcerptPostId="1561" WikiPostId="1560" />
  <row Id="1175" TagName="ugui" Count="8" ExcerptPostId="1570" WikiPostId="1569" />
  <row Id="1176" TagName="android-animation" Count="6" />
  <row Id="1178" TagName="html" Count="941" ExcerptPostId="2224" WikiPostId="2223" />
  <row Id="1180" TagName="pdf" Count="50" ExcerptPostId="6053" WikiPostId="6052" />
  <row Id="1182" TagName="maven" Count="56" ExcerptPostId="17115" WikiPostId="17114" />
  <row Id="1191" TagName="google-chrome" Count="118" ExcerptPostId="2196" WikiPostId="2195" />
  <row Id="1192" TagName="google-chrome-apps" Count="7" />
  <row Id="1193" TagName="mysql" Count="640" ExcerptPostId="2651" WikiPostId="2650" />
  <row Id="1195" TagName="word2vec" Count="8" />
  <row Id="1196" TagName="自然言語処理" Count="47" ExcerptPostId="5463" WikiPostId="5462" />
  <row Id="1198" TagName="font" Count="32" ExcerptPostId="2289" WikiPostId="2288" />
  <row Id="1199" TagName="文字化け" Count="44" ExcerptPostId="2182" WikiPostId="2181" />
  <row Id="1200" TagName="日本語" Count="18" ExcerptPostId="30241" WikiPostId="30240" />
  <row Id="1202" TagName="postscript" Count="2" ExcerptPostId="2297" WikiPostId="2296" />
  <row Id="1203" TagName="bitmap" Count="4" ExcerptPostId="14374" WikiPostId="14373" />
  <row Id="1204" TagName="api" Count="186" ExcerptPostId="8335" WikiPostId="8334" />
  <row Id="1206" TagName="milkcocoa" Count="4" ExcerptPostId="1658" WikiPostId="1657" />
  <row Id="1207" TagName="lisp" Count="20" ExcerptPostId="2180" WikiPostId="2179" />
  <row Id="1208" TagName="elisp" Count="52" ExcerptPostId="2004" WikiPostId="2003" />
  <row Id="1210" TagName="eclipse" Count="177" ExcerptPostId="2163" WikiPostId="2162" />
  <row Id="1212" TagName="common-lisp" Count="37" ExcerptPostId="1757" WikiPostId="1756" />
  <row Id="1213" TagName="tmlib.js" Count="6" ExcerptPostId="4756" WikiPostId="4755" />
  <row Id="1215" TagName="zsh" Count="38" ExcerptPostId="27308" WikiPostId="27307" />
  <row Id="1216" TagName="iterm" Count="7" />
  <row Id="1217" TagName="r" Count="272" ExcerptPostId="2287" WikiPostId="2286" />
  <row Id="1219" TagName="push-notification" Count="35" ExcerptPostId="27732" WikiPostId="27731" />
  <row Id="1221" TagName="storyboard" Count="49" ExcerptPostId="7005" WikiPostId="7004" />
  <row Id="1222" TagName="rust" Count="70" ExcerptPostId="14384" WikiPostId="14383" />
  <row Id="1224" TagName="google-play-service" Count="14" />
  <row Id="1225" TagName="cocos2d-x" Count="38" ExcerptPostId="42733" WikiPostId="42732" />
  <row Id="1227" TagName="internet-explorer" Count="40" ExcerptPostId="12689" WikiPostId="12688" />
  <row Id="1231" TagName="svg" Count="29" ExcerptPostId="2044" WikiPostId="2043" />
  <row Id="1232" TagName="scala" Count="91" ExcerptPostId="1772" WikiPostId="1771" />
  <row Id="1233" TagName="virtualbox" Count="90" ExcerptPostId="2338" WikiPostId="2337" />
  <row Id="1234" TagName="c++" Count="767" ExcerptPostId="2187" WikiPostId="2186" />
  <row Id="1235" TagName="gulp" Count="49" ExcerptPostId="31438" WikiPostId="31437" />
  <row Id="1236" TagName="aws" Count="351" ExcerptPostId="3076" WikiPostId="3075" />
  <row Id="1237" TagName="monitoring" Count="8" />
  <row Id="1238" TagName="google-maps" Count="88" ExcerptPostId="2203" WikiPostId="2202" />
  <row Id="1240" TagName="mfc" Count="31" ExcerptPostId="1900" WikiPostId="1899" />
  <row Id="1241" TagName="security" Count="96" ExcerptPostId="4342" WikiPostId="4341" />
  <row Id="1242" TagName="sqlite" Count="78" ExcerptPostId="3026" WikiPostId="3025" />
  <row Id="1243" TagName="vbs" Count="14" ExcerptPostId="2068" WikiPostId="2067" />
  <row Id="1244" TagName="playframework" Count="51" ExcerptPostId="1995" WikiPostId="1994" />
  <row Id="1246" TagName="c++11" Count="60" ExcerptPostId="2200" WikiPostId="2199" />
  <row Id="1249" TagName="oauth" Count="68" ExcerptPostId="35230" WikiPostId="35229" />
  <row Id="1250" TagName="amazon-s3" Count="83" ExcerptPostId="30277" WikiPostId="30276" />
  <row Id="1251" TagName="samba" Count="12" ExcerptPostId="43316" WikiPostId="43315" />
  <row Id="1252" TagName="haskell" Count="97" ExcerptPostId="1989" WikiPostId="1988" />
  <row Id="1253" TagName="raspberry-pi" Count="142" ExcerptPostId="12230" WikiPostId="12229" />
  <row Id="1254" TagName="bluetooth" Count="43" />
  <row Id="1255" TagName="bluez" Count="5" />
  <row Id="1256" TagName="oracle" Count="89" ExcerptPostId="14372" WikiPostId="14371" />
  <row Id="1257" TagName="youtube-data-api" Count="23" ExcerptPostId="15130" WikiPostId="15129" />
  <row Id="1258" TagName="sharepoint" Count="6" />
  <row Id="1261" TagName="annotations" Count="7" ExcerptPostId="1985" WikiPostId="1984" />
  <row Id="1262" TagName="npm" Count="74" ExcerptPostId="2274" WikiPostId="2273" />
  <row Id="1263" TagName="artificial-intelligence" Count="3" ExcerptPostId="30150" WikiPostId="30149" />
  <row Id="1264" TagName="sh" Count="58" ExcerptPostId="6050" WikiPostId="6049" />
  <row Id="1265" TagName="google-chrome-devtools" Count="15" ExcerptPostId="31387" WikiPostId="31386" />
  <row Id="1267" TagName="node.js" Count="328" ExcerptPostId="2271" WikiPostId="2270" />
  <row Id="1269" TagName="clojure" Count="15" ExcerptPostId="2136" WikiPostId="2135" />
  <row Id="1270" TagName="ibeacon" Count="15" />
  <row Id="1271" TagName="perl" Count="52" ExcerptPostId="3007" WikiPostId="3006" />
  <row Id="1273" TagName="sendmail" Count="19" ExcerptPostId="24818" WikiPostId="24817" />
  <row Id="1274" TagName="mock" Count="4" />
  <row Id="1276" TagName="windows-store-apps" Count="11" ExcerptPostId="2316" WikiPostId="2315" />
  <row Id="1277" TagName="capistrano" Count="23" />
  <row Id="1278" TagName="prolog" Count="13" ExcerptPostId="2192" WikiPostId="2191" />
  <row Id="1279" TagName="android-volley" Count="15" />
  <row Id="1280" TagName="scheme" Count="9" ExcerptPostId="2141" WikiPostId="2140" />
  <row Id="1281" TagName="f#" Count="7" ExcerptPostId="2107" WikiPostId="2106" />
  <row Id="1286" TagName="browserify" Count="8" ExcerptPostId="31423" WikiPostId="31422" />
  <row Id="1287" TagName="opencv" Count="172" ExcerptPostId="5094" WikiPostId="5093" />
  <row Id="1290" TagName="erlang" Count="2" ExcerptPostId="15008" WikiPostId="15007" />
  <row Id="1291" TagName="qt5" Count="25" />
  <row Id="1292" TagName="websocket" Count="41" ExcerptPostId="4662" WikiPostId="4661" />
  <row Id="1293" TagName="faye" Count="1" ExcerptPostId="2205" WikiPostId="2204" />
  <row Id="1296" TagName="postfix" Count="36" ExcerptPostId="30283" WikiPostId="30282" />
  <row Id="1297" TagName="gmail" Count="43" ExcerptPostId="3071" WikiPostId="3070" />
  <row Id="1300" TagName="autolayout" Count="19" ExcerptPostId="56956" WikiPostId="56955" />
  <row Id="1301" TagName="opengl-es" Count="12" />
  <row Id="1304" TagName="parse.com" Count="9" />
  <row Id="1305" TagName="web-audio" Count="4" />
  <row Id="1306" TagName="apk-expansion-files" Count="1" ExcerptPostId="2360" WikiPostId="2359" />
  <row Id="1307" TagName="google-play" Count="11" ExcerptPostId="2362" WikiPostId="2361" />
  <row Id="1308" TagName="firefox" Count="52" ExcerptPostId="3037" WikiPostId="3036" />
  <row Id="1309" TagName="fortran" Count="14" />
  <row Id="1311" TagName="composer" Count="30" ExcerptPostId="44399" WikiPostId="44398" />
  <row Id="1313" TagName="ドメイン駆動設計" Count="19" ExcerptPostId="3067" WikiPostId="3066" />
  <row Id="1314" TagName="laravel" Count="255" ExcerptPostId="10195" WikiPostId="10194" />
  <row Id="1316" TagName="symfony2" Count="38" ExcerptPostId="2535" WikiPostId="2534" />
  <row Id="1319" TagName="postgresql" Count="158" ExcerptPostId="4523" WikiPostId="4522" />
  <row Id="1320" TagName="compiler" Count="13" ExcerptPostId="3028" WikiPostId="3027" />
  <row Id="1322" TagName="imagemagick" Count="18" ExcerptPostId="31444" WikiPostId="31443" />
  <row Id="1324" TagName="weblogic" Count="2" />
  <row Id="1325" TagName="intellij-idea" Count="39" ExcerptPostId="4972" WikiPostId="4971" />
  <row Id="1328" TagName="nginx" Count="186" ExcerptPostId="3065" WikiPostId="3064" />
  <row Id="1329" TagName="正規表現" Count="235" ExcerptPostId="4629" WikiPostId="4628" />
  <row Id="1331" TagName="unicorn" Count="23" ExcerptPostId="30239" WikiPostId="30238" />
  <row Id="1332" TagName="latex" Count="40" ExcerptPostId="31524" WikiPostId="31523" />
  <row Id="1333" TagName="debian" Count="38" ExcerptPostId="27282" WikiPostId="27281" />
  <row Id="1334" TagName="sass" Count="39" ExcerptPostId="14214" WikiPostId="14213" />
  <row Id="1337" TagName="jenkins" Count="42" ExcerptPostId="5854" WikiPostId="5853" />
  <row Id="1339" TagName="java8" Count="50" ExcerptPostId="30154" WikiPostId="30153" />
  <row Id="1340" TagName="sort" Count="15" ExcerptPostId="3030" WikiPostId="3029" />
  <row Id="1342" TagName="ms-access" Count="35" ExcerptPostId="3039" WikiPostId="3038" />
  <row Id="1343" TagName="putty" Count="9" ExcerptPostId="20894" WikiPostId="20893" />
  <row Id="1345" TagName="redis" Count="28" ExcerptPostId="30235" WikiPostId="30234" />
  <row Id="1347" TagName="sinatra" Count="12" ExcerptPostId="14370" WikiPostId="14369" />
  <row Id="1348" TagName="grape" Count="6" />
  <row Id="1349" TagName="ライセンス" Count="43" ExcerptPostId="30165" WikiPostId="30164" />
  <row Id="1351" TagName="casperjs" Count="12" />
  <row Id="1352" TagName="mp3" Count="11" ExcerptPostId="12691" WikiPostId="12690" />
  <row Id="1353" TagName="coffeescript" Count="38" ExcerptPostId="56969" WikiPostId="56968" />
  <row Id="1356" TagName="vhdl" Count="3" ExcerptPostId="34909" WikiPostId="34908" />
  <row Id="1358" TagName="socket" Count="46" ExcerptPostId="56971" WikiPostId="56970" />
  <row Id="1359" TagName="apache" Count="236" ExcerptPostId="6272" WikiPostId="6271" />
  <row Id="1361" TagName="sails.js" Count="5" />
  <row Id="1362" TagName="rvm" Count="3" ExcerptPostId="3011" WikiPostId="3010" />
  <row Id="1363" TagName="rbenv" Count="27" ExcerptPostId="30167" WikiPostId="30166" />
  <row Id="1364" TagName="safari" Count="23" ExcerptPostId="12227" WikiPostId="12226" />
  <row Id="1366" TagName="ssl" Count="66" ExcerptPostId="5730" WikiPostId="5729" />
  <row Id="1367" TagName="http" Count="113" ExcerptPostId="3059" WikiPostId="3058" />
  <row Id="1368" TagName="vba" Count="140" ExcerptPostId="8337" WikiPostId="8336" />
  <row Id="1369" TagName="sql-azure" Count="6" />
  <row Id="1370" TagName="capybara" Count="14" ExcerptPostId="5528" WikiPostId="5527" />
  <row Id="1373" TagName="mit-license" Count="8" ExcerptPostId="3049" WikiPostId="3048" />
  <row Id="1375" TagName="android-support-library" Count="5" />
  <row Id="1377" TagName="slim-lang" Count="4" ExcerptPostId="3093" WikiPostId="3092" />
  <row Id="1378" TagName="mod-cache" Count="3" />
  <row Id="1379" TagName="pdo" Count="23" ExcerptPostId="30358" WikiPostId="30357" />
  <row Id="1384" TagName="wpf" Count="145" ExcerptPostId="5356" WikiPostId="5355" />
  <row Id="1385" TagName="leaflet" Count="9" ExcerptPostId="5534" WikiPostId="5533" />
  <row Id="1387" TagName="twitter-fabric" Count="2" />
  <row Id="1389" TagName="android-intent" Count="8" ExcerptPostId="26591" WikiPostId="26590" />
  <row Id="1391" TagName="ecmascript-6" Count="26" ExcerptPostId="3156" WikiPostId="3155" />
  <row Id="1392" TagName="twitter" Count="115" ExcerptPostId="4627" WikiPostId="4626" />
  <row Id="1394" TagName="blender" Count="13" ExcerptPostId="59967" WikiPostId="59966" />
  <row Id="1396" TagName="egit" Count="3" ExcerptPostId="3213" WikiPostId="3212" />
  <row Id="1397" TagName="doctrine2" Count="10" />
  <row Id="1398" TagName="arduino" Count="94" ExcerptPostId="44655" WikiPostId="44654" />
  <row Id="1399" TagName="ubuntu" Count="310" ExcerptPostId="25441" WikiPostId="25440" />
  <row Id="1400" TagName="nsurlsession" Count="8" ExcerptPostId="4529" WikiPostId="4528" />
  <row Id="1401" TagName="ios8" Count="48" ExcerptPostId="12537" WikiPostId="12536" />
  <row Id="1403" TagName="mime" Count="2" />
  <row Id="1404" TagName="boost" Count="22" ExcerptPostId="6748" WikiPostId="6747" />
  <row Id="1405" TagName="mixpanel" Count="3" ExcerptPostId="4263" WikiPostId="4262" />
  <row Id="1406" TagName="ffmpeg" Count="71" ExcerptPostId="42731" WikiPostId="42730" />
  <row Id="1407" TagName="gcm" Count="9" />
  <row Id="1409" TagName="entity-framework" Count="17" />
  <row Id="1411" TagName="https" Count="35" ExcerptPostId="4420" WikiPostId="4419" />
  <row Id="1417" TagName="exception" Count="18" ExcerptPostId="28633" WikiPostId="28632" />
  <row Id="1419" TagName=".htaccess" Count="49" ExcerptPostId="28643" WikiPostId="28642" />
  <row Id="1421" TagName="ajax" Count="117" ExcerptPostId="6293" WikiPostId="6292" />
  <row Id="1422" TagName="dom" Count="24" ExcerptPostId="31378" WikiPostId="31377" />
  <row Id="1423" TagName="man" Count="4" ExcerptPostId="31526" WikiPostId="31525" />
  <row Id="1428" TagName="android-layout" Count="51" ExcerptPostId="13174" WikiPostId="13173" />
  <row Id="1431" TagName="fullcalendar" Count="10" ExcerptPostId="48396" WikiPostId="48395" />
  <row Id="1433" TagName="c++-cli" Count="11" />
  <row Id="1436" TagName="excel" Count="128" ExcerptPostId="4734" WikiPostId="4733" />
  <row Id="1437" TagName="winforms" Count="52" ExcerptPostId="8911" WikiPostId="8910" />
  <row Id="1439" TagName="画像" Count="107" ExcerptPostId="6048" WikiPostId="6047" />
  <row Id="1441" TagName="matter.js" Count="1" ExcerptPostId="4711" WikiPostId="4710" />
  <row Id="1444" TagName="web-scraping" Count="110" ExcerptPostId="46911" WikiPostId="46910" />
  <row Id="1445" TagName="templates" Count="12" />
  <row Id="1446" TagName="primefaces" Count="2" ExcerptPostId="4492" WikiPostId="4491" />
  <row Id="1447" TagName="d" Count="10" ExcerptPostId="4511" WikiPostId="4510" />
  <row Id="1449" TagName="social-framework" Count="7" />
  <row Id="1450" TagName="uilabel" Count="11" />
  <row Id="1451" TagName="dmd" Count="1" ExcerptPostId="4513" WikiPostId="4512" />
  <row Id="1452" TagName="uiimage" Count="12" />
  <row Id="1453" TagName="xcassets" Count="1" ExcerptPostId="4515" WikiPostId="4514" />
  <row Id="1455" TagName="memory-leaks" Count="12" ExcerptPostId="4533" WikiPostId="4532" />
  <row Id="1457" TagName="sastruts" Count="3" />
  <row Id="1460" TagName="android-fragments" Count="26" ExcerptPostId="57045" WikiPostId="57044" />
  <row Id="1462" TagName="swing" Count="29" />
  <row Id="1466" TagName="tesseract" Count="3" ExcerptPostId="5482" WikiPostId="5481" />
  <row Id="1467" TagName="avisynth-plus" Count="2" />
  <row Id="1469" TagName="sbcl" Count="6" />
  <row Id="1470" TagName="xyzzy" Count="7" ExcerptPostId="4747" WikiPostId="4746" />
  <row Id="1473" TagName="slim" Count="10" ExcerptPostId="11656" WikiPostId="11655" />
  <row Id="1474" TagName="url-routing" Count="10" />
  <row Id="1476" TagName="rubygems" Count="98" ExcerptPostId="30354" WikiPostId="30353" />
  <row Id="1478" TagName="command-line" Count="39" ExcerptPostId="31372" WikiPostId="31371" />
  <row Id="1479" TagName="redactor" Count="1" ExcerptPostId="4698" WikiPostId="4697" />
  <row Id="1480" TagName="heroku" Count="132" ExcerptPostId="13177" WikiPostId="13176" />
  <row Id="1481" TagName="rails-activerecord" Count="94" ExcerptPostId="5358" WikiPostId="5357" />
  <row Id="1482" TagName="file-io" Count="4" ExcerptPostId="31382" WikiPostId="31381" />
  <row Id="1483" TagName="galleria" Count="1" ExcerptPostId="4700" WikiPostId="4699" />
  <row Id="1484" TagName="onsen-ui" Count="217" ExcerptPostId="15092" WikiPostId="15091" />
  <row Id="1487" TagName="typescript" Count="145" ExcerptPostId="30223" WikiPostId="30222" />
  <row Id="1488" TagName="requirejs" Count="2" />
  <row Id="1489" TagName="fatfs" Count="2" ExcerptPostId="4749" WikiPostId="4748" />
  <row Id="1492" TagName="admob" Count="15" />
  <row Id="1494" TagName="gofpdf" Count="1" ExcerptPostId="4718" WikiPostId="4717" />
  <row Id="1496" TagName="binary-tree" Count="7" ExcerptPostId="4736" WikiPostId="4735" />
  <row Id="1498" TagName="directx" Count="13" />
  <row Id="1499" TagName="batch-file" Count="58" ExcerptPostId="6807" WikiPostId="6806" />
  <row Id="1502" TagName="dns" Count="51" ExcerptPostId="30229" WikiPostId="30228" />
  <row Id="1503" TagName="google-apps-script" Count="173" ExcerptPostId="31222" WikiPostId="31221" />
  <row Id="1504" TagName="monaca" Count="557" ExcerptPostId="4823" WikiPostId="4822" />
  <row Id="1506" TagName="gitlab" Count="18" ExcerptPostId="17998" WikiPostId="17997" />
  <row Id="1507" TagName="google-translate" Count="3" ExcerptPostId="5465" WikiPostId="5464" />
  <row Id="1509" TagName="openstreetmap" Count="7" ExcerptPostId="5168" WikiPostId="5167" />
  <row Id="1511" TagName="phpmyadmin" Count="43" ExcerptPostId="30279" WikiPostId="30278" />
  <row Id="1512" TagName="cabocha" Count="6" ExcerptPostId="4917" WikiPostId="4916" />
  <row Id="1513" TagName="classloader" Count="1" ExcerptPostId="4919" WikiPostId="4918" />
  <row Id="1514" TagName="mongodb" Count="39" ExcerptPostId="4921" WikiPostId="4920" />
  <row Id="1515" TagName="iad" Count="4" ExcerptPostId="4923" WikiPostId="4922" />
  <row Id="1516" TagName="junit" Count="24" ExcerptPostId="4913" WikiPostId="4912" />
  <row Id="1517" TagName="haml" Count="10" ExcerptPostId="4915" WikiPostId="4914" />
  <row Id="1524" TagName="単語辞書" Count="2" ExcerptPostId="4925" WikiPostId="4924" />
  <row Id="1525" TagName="uipickerview" Count="3" />
  <row Id="1526" TagName="ios-app-extension" Count="6" />
  <row Id="1528" TagName="makefile" Count="33" ExcerptPostId="55857" WikiPostId="55856" />
  <row Id="1530" TagName="kinect" Count="5" ExcerptPostId="4959" WikiPostId="4958" />
  <row Id="1531" TagName="lambda" Count="12" ExcerptPostId="12245" WikiPostId="12244" />
  <row Id="1533" TagName="jdbc" Count="16" ExcerptPostId="35501" WikiPostId="35500" />
  <row Id="1534" TagName="宴" Count="1" ExcerptPostId="5261" WikiPostId="5260" />
  <row Id="1536" TagName="mapkit" Count="8" />
  <row Id="1538" TagName="backbone.js" Count="4" ExcerptPostId="5036" WikiPostId="5035" />
  <row Id="1539" TagName="silex" Count="3" ExcerptPostId="5024" WikiPostId="5023" />
  <row Id="1540" TagName="marionette" Count="1" ExcerptPostId="5100" WikiPostId="5099" />
  <row Id="1541" TagName="jquery-ui" Count="33" />
  <row Id="1543" TagName="setuptools" Count="5" ExcerptPostId="5102" WikiPostId="5101" />
  <row Id="1544" TagName="localization" Count="8" ExcerptPostId="5105" WikiPostId="5104" />
  <row Id="1547" TagName="言語仕様" Count="5" />
  <row Id="1548" TagName="pil" Count="7" />
  <row Id="1549" TagName="pillow" Count="13" />
  <row Id="1551" TagName="avfoundation" Count="12" />
  <row Id="1552" TagName="camera" Count="29" ExcerptPostId="30480" WikiPostId="30479" />
  <row Id="1557" TagName="jax-rs" Count="9" ExcerptPostId="20902" WikiPostId="20901" />
  <row Id="1558" TagName="sandcastle" Count="1" ExcerptPostId="5166" WikiPostId="5165" />
  <row Id="1559" TagName="winapi" Count="28" ExcerptPostId="62416" WikiPostId="62415" />
  <row Id="1560" TagName="xss" Count="5" />
  <row Id="1563" TagName="mapnik" Count="2" />
  <row Id="1564" TagName="awk" Count="22" ExcerptPostId="11345" WikiPostId="11344" />
  <row Id="1566" TagName="atom-editor" Count="60" ExcerptPostId="30161" WikiPostId="30160" />
  <row Id="1569" TagName="aptana" Count="3" ExcerptPostId="5263" WikiPostId="5262" />
  <row Id="1570" TagName="rx-javascript" Count="7" />
  <row Id="1571" TagName="tcpdump" Count="5" />
  <row Id="1572" TagName="zend-framework" Count="8" ExcerptPostId="5351" WikiPostId="5350" />
  <row Id="1573" TagName="erb" Count="13" ExcerptPostId="5354" WikiPostId="5353" />
  <row Id="1574" TagName="linq" Count="26" />
  <row Id="1575" TagName="uikit" Count="24" ExcerptPostId="37194" WikiPostId="37193" />
  <row Id="1576" TagName="twitter4j" Count="13" ExcerptPostId="5727" WikiPostId="5726" />
  <row Id="1577" TagName="gps" Count="16" />
  <row Id="1578" TagName="sessionid" Count="4" />
  <row Id="1579" TagName="apache-poi" Count="13" ExcerptPostId="18145" WikiPostId="18144" />
  <row Id="1580" TagName="powerpoint" Count="6" ExcerptPostId="12541" WikiPostId="12540" />
  <row Id="1581" TagName="xaml" Count="34" ExcerptPostId="5697" WikiPostId="5696" />
  <row Id="1584" TagName="line-opengraph" Count="2" />
  <row Id="1585" TagName="opengraph" Count="2" />
  <row Id="1586" TagName="jsp" Count="52" ExcerptPostId="30360" WikiPostId="30359" />
  <row Id="1587" TagName="struts" Count="15" ExcerptPostId="35181" WikiPostId="35180" />
  <row Id="1588" TagName="knockout.js" Count="10" />
  <row Id="1589" TagName="rscript" Count="2" ExcerptPostId="5530" WikiPostId="5529" />
  <row Id="1590" TagName="facebook-php-sdk" Count="7" ExcerptPostId="5532" WikiPostId="5531" />
  <row Id="1592" TagName="docx" Count="3" ExcerptPostId="12654" WikiPostId="12653" />
  <row Id="1593" TagName="ms-word" Count="14" ExcerptPostId="5536" WikiPostId="5535" />
  <row Id="1595" TagName="poltergeist" Count="4" ExcerptPostId="5526" WikiPostId="5525" />
  <row Id="1597" TagName="mobile" Count="4" />
  <row Id="1598" TagName="html5-canvas" Count="25" ExcerptPostId="31440" WikiPostId="31439" />
  <row Id="1599" TagName="nullpointerexception" Count="6" ExcerptPostId="28635" WikiPostId="28634" />
  <row Id="1602" TagName="gpl" Count="13" ExcerptPostId="24586" WikiPostId="24585" />
  <row Id="1603" TagName="supervisord" Count="3" />
  <row Id="1604" TagName="applescript" Count="9" ExcerptPostId="5840" WikiPostId="5839" />
  <row Id="1609" TagName="adb" Count="9" ExcerptPostId="31361" WikiPostId="31360" />
  <row Id="1612" TagName="spring" Count="140" ExcerptPostId="12848" WikiPostId="12847" />
  <row Id="1614" TagName="automator" Count="4" />
  <row Id="1615" TagName="cuda" Count="31" ExcerptPostId="6072" WikiPostId="6071" />
  <row Id="1616" TagName="game-development" Count="17" ExcerptPostId="5695" WikiPostId="5694" />
  <row Id="1618" TagName="xhtml" Count="4" ExcerptPostId="5724" WikiPostId="5723" />
  <row Id="1619" TagName="ractive.js" Count="1" ExcerptPostId="5722" WikiPostId="5721" />
  <row Id="1620" TagName="phpstorm" Count="12" ExcerptPostId="5719" WikiPostId="5718" />
  <row Id="1621" TagName="cookie" Count="37" ExcerptPostId="14368" WikiPostId="14367" />
  <row Id="1622" TagName="pca" Count="3" ExcerptPostId="5831" WikiPostId="5830" />
  <row Id="1623" TagName="scikit-learn" Count="32" ExcerptPostId="5845" WikiPostId="5844" />
  <row Id="1625" TagName="gtk" Count="12" ExcerptPostId="6107" WikiPostId="6106" />
  <row Id="1626" TagName="lsyncd" Count="2" />
  <row Id="1627" TagName="rsync" Count="9" ExcerptPostId="6105" WikiPostId="6104" />
  <row Id="1628" TagName="facebook-api" Count="10" />
  <row Id="1630" TagName="地理情報" Count="2" />
  <row Id="1633" TagName="fuelphp" Count="44" ExcerptPostId="5983" WikiPostId="5982" />
  <row Id="1634" TagName="selenium" Count="95" ExcerptPostId="30249" WikiPostId="30248" />
  <row Id="1636" TagName="stl" Count="7" />
  <row Id="1640" TagName="vb.net" Count="72" ExcerptPostId="12181" WikiPostId="12180" />
  <row Id="1642" TagName="getopt" Count="1" ExcerptPostId="6112" WikiPostId="6111" />
  <row Id="1644" TagName="redmine" Count="28" ExcerptPostId="30247" WikiPostId="30246" />
  <row Id="1647" TagName="uitabbarcontroller" Count="5" ExcerptPostId="6110" WikiPostId="6109" />
  <row Id="1648" TagName="wpf-datagrid" Count="1" ExcerptPostId="6115" WikiPostId="6114" />
  <row Id="1650" TagName="devise" Count="36" ExcerptPostId="36541" WikiPostId="36540" />
  <row Id="1651" TagName="phantomjs" Count="10" />
  <row Id="1658" TagName="django" Count="208" ExcerptPostId="6457" WikiPostId="6456" />
  <row Id="1660" TagName="com" Count="7" />
  <row Id="1661" TagName="pinvoke" Count="3" />
  <row Id="1662" TagName="shift-jis" Count="9" ExcerptPostId="14379" WikiPostId="14378" />
  <row Id="1665" TagName="nend" Count="9" />
  <row Id="1667" TagName="dotinstall" Count="3" ExcerptPostId="15090" WikiPostId="15089" />
  <row Id="1668" TagName="fragment" Count="12" />
  <row Id="1669" TagName="openssl" Count="27" ExcerptPostId="30356" WikiPostId="30355" />
  <row Id="1670" TagName="three.js" Count="14" />
  <row Id="1672" TagName="coreos" Count="3" />
  <row Id="1673" TagName="android-mediaplayer" Count="3" />
  <row Id="1677" TagName="scalikejdbc" Count="7" ExcerptPostId="8660" WikiPostId="8659" />
  <row Id="1680" TagName="詳細設計" Count="13" />
  <row Id="1681" TagName="メモリ管理" Count="21" ExcerptPostId="30237" WikiPostId="30236" />
  <row Id="1682" TagName="スタック" Count="8" ExcerptPostId="12652" WikiPostId="12651" />
  <row Id="1683" TagName="ヒープ" Count="5" ExcerptPostId="14324" WikiPostId="14323" />
  <row Id="1685" TagName="android-lifecycle" Count="4" />
  <row Id="1689" TagName="flash" Count="5" />
  <row Id="1690" TagName="actionscript" Count="2" ExcerptPostId="6873" WikiPostId="6872" />
  <row Id="1692" TagName="polymer" Count="9" />
  <row Id="1693" TagName="web-component" Count="5" />
  <row Id="1694" TagName="cygwin" Count="22" ExcerptPostId="42743" WikiPostId="42742" />
  <row Id="1697" TagName="iperf" Count="3" />
  <row Id="1698" TagName="core-plot" Count="2" />
  <row Id="1703" TagName="app-store" Count="16" />
  <row Id="1705" TagName="google-sites" Count="3" />
  <row Id="1706" TagName="google-spreadsheet" Count="56" ExcerptPostId="56954" WikiPostId="56953" />
  <row Id="1708" TagName="state-machines" Count="1" ExcerptPostId="6742" WikiPostId="6741" />
  <row Id="1709" TagName="boost-statechart" Count="1" ExcerptPostId="6744" WikiPostId="6743" />
  <row Id="1710" TagName="miniconda" Count="3" ExcerptPostId="6751" WikiPostId="6750" />
  <row Id="1711" TagName="conda" Count="14" ExcerptPostId="6753" WikiPostId="6752" />
  <row Id="1712" TagName="twitter-bootstrap" Count="27" />
  <row Id="1713" TagName="expect" Count="6" ExcerptPostId="16310" WikiPostId="16309" />
  <row Id="1715" TagName="アルゴリズム" Count="281" ExcerptPostId="9768" WikiPostId="9767" />
  <row Id="1717" TagName="tshark" Count="3" />
  <row Id="1719" TagName="android-activity" Count="8" />
  <row Id="1723" TagName="計算量" Count="14" />
  <row Id="1725" TagName="データ構造" Count="39" ExcerptPostId="12543" WikiPostId="12542" />
  <row Id="1730" TagName="selenium-webdriver" Count="38" />
  <row Id="1733" TagName="youtube-player-api" Count="7" />
  <row Id="1735" TagName="dialog" Count="6" />
  <row Id="1736" TagName="wireshark" Count="8" ExcerptPostId="14326" WikiPostId="14325" />
  <row Id="1739" TagName="ec-cube" Count="5" ExcerptPostId="7033" WikiPostId="7032" />
  <row Id="1741" TagName="データベース設計" Count="26" ExcerptPostId="21002" WikiPostId="21001" />
  <row Id="1743" TagName="openlayers" Count="2" />
  <row Id="1744" TagName="mp4" Count="8" ExcerptPostId="12681" WikiPostId="12680" />
  <row Id="1746" TagName="gruntjs" Count="2" />
  <row Id="1748" TagName="sitecore" Count="1" ExcerptPostId="7094" WikiPostId="7093" />
  <row Id="1750" TagName="uiscrollview" Count="12" ExcerptPostId="57050" WikiPostId="57049" />
  <row Id="1756" TagName="reactjs" Count="163" ExcerptPostId="7176" WikiPostId="7175" />
  <row Id="1757" TagName="react-jsx" Count="20" ExcerptPostId="7180" WikiPostId="7179" />
  <row Id="1758" TagName="memcached" Count="6" />
  <row Id="1759" TagName="wordpress" Count="204" ExcerptPostId="30138" WikiPostId="30137" />
  <row Id="1760" TagName="seaser2" Count="6" />
  <row Id="1766" TagName="opengl" Count="28" />
  <row Id="1767" TagName="iis" Count="23" ExcerptPostId="44540" WikiPostId="44539" />
  <row Id="1768" TagName="プログラミング言語" Count="29" ExcerptPostId="14328" WikiPostId="14327" />
  <row Id="1770" TagName="rdotnet" Count="1" ExcerptPostId="7536" WikiPostId="7535" />
  <row Id="1771" TagName="paypal" Count="49" ExcerptPostId="10882" WikiPostId="10881" />
  <row Id="1776" TagName="chrome-extension" Count="32" ExcerptPostId="31370" WikiPostId="31369" />
  <row Id="1777" TagName="http2" Count="8" ExcerptPostId="31442" WikiPostId="31441" />
  <row Id="1779" TagName="iptables" Count="13" ExcerptPostId="31464" WikiPostId="31463" />
  <row Id="1781" TagName="ハッシュ" Count="6" ExcerptPostId="14322" WikiPostId="14321" />
  <row Id="1783" TagName="pixi.js" Count="4" />
  <row Id="1785" TagName="debugging" Count="18" />
  <row Id="1787" TagName="tcp" Count="39" ExcerptPostId="30225" WikiPostId="30224" />
  <row Id="1788" TagName="netbeans" Count="9" ExcerptPostId="18147" WikiPostId="18146" />
  <row Id="1789" TagName="smarty" Count="14" />
  <row Id="1792" TagName="uicollectionview" Count="35" ExcerptPostId="57043" WikiPostId="57042" />
  <row Id="1793" TagName="非同期" Count="43" ExcerptPostId="23521" WikiPostId="23520" />
  <row Id="1794" TagName="pinchin" Count="2" />
  <row Id="1795" TagName="cabasicanimation" Count="2" />
  <row Id="1798" TagName="rake" Count="13" ExcerptPostId="26720" WikiPostId="26719" />
  <row Id="1799" TagName="delphi" Count="10" ExcerptPostId="8407" WikiPostId="8406" />
  <row Id="1800" TagName="stream" Count="9" />
  <row Id="1802" TagName="olympus-camerakit" Count="9" ExcerptPostId="8371" WikiPostId="8370" />
  <row Id="1803" TagName="watchkit" Count="8" />
  <row Id="1804" TagName="hpack" Count="3" />
  <row Id="1805" TagName="realm" Count="129" ExcerptPostId="8615" WikiPostId="8614" />
  <row Id="1806" TagName="google-analytics-api" Count="17" />
  <row Id="1808" TagName="wcf" Count="9" />
  <row Id="1810" TagName="preprocessor" Count="8" />
  <row Id="1813" TagName="sidekiq" Count="8" />
  <row Id="1817" TagName="optional" Count="7" ExcerptPostId="56932" WikiPostId="56931" />
  <row Id="1820" TagName="xampp" Count="38" ExcerptPostId="43952" WikiPostId="43951" />
  <row Id="1824" TagName="powershell" Count="88" ExcerptPostId="22506" WikiPostId="22505" />
  <row Id="1825" TagName="coredata" Count="18" />
  <row Id="1829" TagName="google-bigquery" Count="32" />
  <row Id="1830" TagName="iojs" Count="3" />
  <row Id="1832" TagName="sbt" Count="9" ExcerptPostId="9183" WikiPostId="9182" />
  <row Id="1835" TagName="solr" Count="6" />
  <row Id="1838" TagName="akka" Count="4" />
  <row Id="1841" TagName="travis-ci" Count="6" ExcerptPostId="17902" WikiPostId="17901" />
  <row Id="1844" TagName="sizeclass" Count="3" />
  <row Id="1845" TagName="情報理論" Count="4" />
  <row Id="1847" TagName="qt" Count="65" ExcerptPostId="30245" WikiPostId="30244" />
  <row Id="1848" TagName="qt-creator" Count="29" />
  <row Id="1851" TagName="leap-motion" Count="3" />
  <row Id="1852" TagName="tomcat" Count="59" ExcerptPostId="30152" WikiPostId="30151" />
  <row Id="1857" TagName="clockwork" Count="3" />
  <row Id="1859" TagName="xsl" Count="28" ExcerptPostId="28200" WikiPostId="28199" />
  <row Id="1862" TagName="soap" Count="2" />
  <row Id="1863" TagName="jsf" Count="12" />
  <row Id="1864" TagName="jpa" Count="25" ExcerptPostId="35499" WikiPostId="35498" />
  <row Id="1865" TagName="cmake" Count="24" ExcerptPostId="31428" WikiPostId="31427" />
  <row Id="1866" TagName="untagged" Count="28" ExcerptPostId="14678" WikiPostId="14677" />
  <row Id="1867" TagName="shellscript" Count="147" ExcerptPostId="27048" WikiPostId="27047" />
  <row Id="1868" TagName="grails" Count="2" ExcerptPostId="10371" WikiPostId="10370" />
  <row Id="1869" TagName="機械学習" Count="171" ExcerptPostId="30227" WikiPostId="30226" />
  <row Id="1870" TagName="pandas" Count="296" ExcerptPostId="12302" WikiPostId="12301" />
  <row Id="1877" TagName="mechanize" Count="7" />
  <row Id="1878" TagName="cassandra" Count="13" ExcerptPostId="30140" WikiPostId="30139" />
  <row Id="1879" TagName="instagram" Count="11" />
  <row Id="1880" TagName="asp" Count="3" />
  <row Id="1881" TagName="tkinter" Count="52" />
  <row Id="1885" TagName="rubymine" Count="30" ExcerptPostId="10926" WikiPostId="10925" />
  <row Id="1889" TagName="uicollectionviewcell" Count="14" />
  <row Id="1894" TagName="matplotlib" Count="138" ExcerptPostId="44388" WikiPostId="44387" />
  <row Id="1895" TagName="windows-8" Count="3" ExcerptPostId="12832" WikiPostId="12831" />
  <row Id="1900" TagName="mamp" Count="17" />
  <row Id="1909" TagName="可読性" Count="5" ExcerptPostId="12545" WikiPostId="12544" />
  <row Id="1911" TagName="unix" Count="85" ExcerptPostId="42729" WikiPostId="42728" />
  <row Id="1914" TagName="google-compute-engine" Count="12" ExcerptPostId="15044" WikiPostId="15043" />
  <row Id="1916" TagName="codeigniter" Count="4" ExcerptPostId="22530" WikiPostId="22529" />
  <row Id="1919" TagName="kotlin" Count="126" ExcerptPostId="21801" WikiPostId="21800" />
  <row Id="1920" TagName="nokogiri" Count="10" ExcerptPostId="17012" WikiPostId="17011" />
  <row Id="1921" TagName="irb" Count="3" ExcerptPostId="12508" WikiPostId="12507" />
  <row Id="1923" TagName="filesystems" Count="24" ExcerptPostId="31384" WikiPostId="31383" />
  <row Id="1924" TagName="health-kit" Count="2" ExcerptPostId="17712" WikiPostId="17711" />
  <row Id="1927" TagName="uisplitviewcontroller" Count="2" />
  <row Id="1928" TagName="uiimagepickercontroller" Count="6" />
  <row Id="1930" TagName="spritekit" Count="42" ExcerptPostId="56994" WikiPostId="56993" />
  <row Id="1931" TagName="itamae" Count="18" ExcerptPostId="30364" WikiPostId="30363" />
  <row Id="1932" TagName="provisioning" Count="3" />
  <row Id="1935" TagName="database" Count="138" ExcerptPostId="12683" WikiPostId="12682" />
  <row Id="1938" TagName="ftp" Count="27" ExcerptPostId="31436" WikiPostId="31435" />
  <row Id="1939" TagName="exif" Count="5" ExcerptPostId="12322" WikiPostId="12321" />
  <row Id="1940" TagName="bluemix" Count="59" ExcerptPostId="18247" WikiPostId="18246" />
  <row Id="1948" TagName="fabric" Count="4" ExcerptPostId="26717" WikiPostId="26716" />
  <row Id="1953" TagName="orm" Count="10" />
  <row Id="1954" TagName="javafx" Count="23" ExcerptPostId="28607" WikiPostId="28606" />
  <row Id="1960" TagName="ntlm認証" Count="2" ExcerptPostId="14377" WikiPostId="14376" />
  <row Id="1963" TagName="navigationbar" Count="9" />
  <row Id="1966" TagName="デザインパターン" Count="7" />
  <row Id="1967" TagName="mvvm" Count="10" ExcerptPostId="56963" WikiPostId="56962" />
  <row Id="1968" TagName="uiimageview" Count="7" />
  <row Id="1977" TagName="eventbus" Count="3" />
  <row Id="1978" TagName="rails-spring" Count="2" ExcerptPostId="12851" WikiPostId="12850" />
  <row Id="1979" TagName="android-webview" Count="5" />
  <row Id="1984" TagName="java-ee" Count="47" ExcerptPostId="18065" WikiPostId="18064" />
  <row Id="1986" TagName="baas" Count="8" />
  <row Id="1988" TagName="グラフ理論" Count="12" ExcerptPostId="14386" WikiPostId="14385" />
  <row Id="1993" TagName="ui-router" Count="4" />
  <row Id="1998" TagName="grunt" Count="6" />
  <row Id="1999" TagName="carrierwave" Count="6" />
  <row Id="2000" TagName="photoshop" Count="3" ExcerptPostId="42686" WikiPostId="42685" />
  <row Id="2004" TagName="arraylist" Count="4" ExcerptPostId="18216" WikiPostId="18215" />
  <row Id="2009" TagName="electron" Count="31" ExcerptPostId="31380" WikiPostId="31379" />
  <row Id="2012" TagName="retrofit" Count="6" />
  <row Id="2016" TagName="vue.js" Count="181" ExcerptPostId="35575" WikiPostId="35574" />
  <row Id="2017" TagName="アセンブリ言語" Count="24" />
  <row Id="2018" TagName="gorm" Count="8" />
  <row Id="2019" TagName="google-cloud-dns" Count="2" />
  <row Id="2020" TagName="socket.io" Count="14" ExcerptPostId="33315" WikiPostId="33314" />
  <row Id="2025" TagName="servlet" Count="35" ExcerptPostId="35486" WikiPostId="35485" />
  <row Id="2029" TagName="jni" Count="5" />
  <row Id="2031" TagName="arc" Count="2" ExcerptPostId="16313" WikiPostId="16312" />
  <row Id="2035" TagName="vmware" Count="23" />
  <row Id="2036" TagName="windows-10" Count="149" ExcerptPostId="30163" WikiPostId="30162" />
  <row Id="2037" TagName="windows-8.1" Count="2" />
  <row Id="2038" TagName="ipv6" Count="10" />
  <row Id="2042" TagName="uiautomator" Count="1" ExcerptPostId="16445" WikiPostId="16444" />
  <row Id="2043" TagName="elasticsearch" Count="28" ExcerptPostId="17117" WikiPostId="17116" />
  <row Id="2049" TagName="bottle" Count="10" ExcerptPostId="31366" WikiPostId="31365" />
  <row Id="2051" TagName="xcode7" Count="43" ExcerptPostId="34410" WikiPostId="34409" />
  <row Id="2056" TagName="highcharts" Count="12" />
  <row Id="2057" TagName="alamofire" Count="15" ExcerptPostId="28641" WikiPostId="28640" />
  <row Id="2058" TagName="tmux" Count="15" ExcerptPostId="30233" WikiPostId="30232" />
  <row Id="2059" TagName="key-mapping" Count="9" />
  <row Id="2068" TagName="raspbian" Count="34" ExcerptPostId="30362" WikiPostId="30361" />
  <row Id="2073" TagName="open-graph-protocol" Count="2" />
  <row Id="2076" TagName="クロージャ" Count="6" ExcerptPostId="56220" WikiPostId="56219" />
  <row Id="2080" TagName="key-binding" Count="6" ExcerptPostId="29602" WikiPostId="29601" />
  <row Id="2081" TagName="console" Count="10" />
  <row Id="2085" TagName="soracom" Count="15" ExcerptPostId="30977" WikiPostId="30976" />
  <row Id="2094" TagName="homebrew" Count="34" ExcerptPostId="30243" WikiPostId="30242" />
  <row Id="2095" TagName="genymotion" Count="4" />
  <row Id="2096" TagName="mariadb" Count="32" ExcerptPostId="18282" WikiPostId="18281" />
  <row Id="2097" TagName="rack" Count="3" ExcerptPostId="17859" WikiPostId="17858" />
  <row Id="2098" TagName="bower" Count="2" ExcerptPostId="17857" WikiPostId="17856" />
  <row Id="2099" TagName="foreman" Count="3" ExcerptPostId="17864" WikiPostId="17863" />
  <row Id="2100" TagName="hugo" Count="3" ExcerptPostId="17906" WikiPostId="17905" />
  <row Id="2101" TagName="fluentd" Count="14" />
  <row Id="2104" TagName="spring-boot" Count="134" ExcerptPostId="35216" WikiPostId="35215" />
  <row Id="2107" TagName="webpack" Count="50" />
  <row Id="2110" TagName="groovy" Count="9" ExcerptPostId="21533" WikiPostId="21532" />
  <row Id="2112" TagName="base64" Count="8" ExcerptPostId="31364" WikiPostId="31363" />
  <row Id="2113" TagName="encoding" Count="9" />
  <row Id="2114" TagName="nanohttpd" Count="4" ExcerptPostId="61569" WikiPostId="61568" />
  <row Id="2115" TagName="dropbox" Count="5" />
  <row Id="2116" TagName="アプリ内課金" Count="19" ExcerptPostId="56981" WikiPostId="56980" />
  <row Id="2119" TagName="d3.js" Count="16" ExcerptPostId="31434" WikiPostId="31433" />
  <row Id="2120" TagName="android-asynctask" Count="8" />
  <row Id="2122" TagName="freebsd" Count="9" />
  <row Id="2124" TagName="elixir" Count="4" ExcerptPostId="29154" WikiPostId="29153" />
  <row Id="2125" TagName="videoview" Count="3" />
  <row Id="2129" TagName="redux" Count="17" ExcerptPostId="56987" WikiPostId="56986" />
  <row Id="2130" TagName="cors" Count="14" ExcerptPostId="33463" WikiPostId="33462" />
  <row Id="2131" TagName="cron" Count="32" ExcerptPostId="50319" WikiPostId="50318" />
  <row Id="2133" TagName="angular-material" Count="6" />
  <row Id="2136" TagName="passenger" Count="3" ExcerptPostId="20626" WikiPostId="20625" />
  <row Id="2140" TagName="hibernate" Count="6" />
  <row Id="2141" TagName="pandoc" Count="5" />
  <row Id="2150" TagName="jasmine" Count="5" ExcerptPostId="19703" WikiPostId="19702" />
  <row Id="2151" TagName="amazon" Count="8" ExcerptPostId="33481" WikiPostId="33480" />
  <row Id="2152" TagName="goroutine" Count="5" />
  <row Id="2153" TagName="flickr" Count="2" />
  <row Id="2154" TagName="laravel-5" Count="49" ExcerptPostId="30285" WikiPostId="30284" />
  <row Id="2158" TagName="softlayer" Count="3" ExcerptPostId="19922" WikiPostId="19921" />
  <row Id="2159" TagName="hubot" Count="3" />
  <row Id="2167" TagName="openframeworks" Count="3" />
  <row Id="2168" TagName="web-sql" Count="2" ExcerptPostId="20105" WikiPostId="20104" />
  <row Id="2169" TagName="ldap" Count="5" />
  <row Id="2170" TagName="openldap" Count="8" ExcerptPostId="20145" WikiPostId="20144" />
  <row Id="2172" TagName="protocol" Count="5" />
  <row Id="2178" TagName="streaming" Count="5" />
  <row Id="2180" TagName="audio-streaming" Count="5" ExcerptPostId="37251" WikiPostId="37250" />
  <row Id="2183" TagName="dpi" Count="2" ExcerptPostId="20569" WikiPostId="20568" />
  <row Id="2184" TagName="pip" Count="50" />
  <row Id="2186" TagName="lucene" Count="4" ExcerptPostId="20567" WikiPostId="20566" />
  <row Id="2190" TagName="i18n" Count="9" ExcerptPostId="31522" WikiPostId="31521" />
  <row Id="2194" TagName="dovecot" Count="8" />
  <row Id="2196" TagName="swift2" Count="94" ExcerptPostId="36987" WikiPostId="36986" />
  <row Id="2208" TagName="flashair" Count="4" />
  <row Id="2209" TagName="lua" Count="9" ExcerptPostId="48500" WikiPostId="48499" />
  <row Id="2222" TagName="ios9" Count="8" />
  <row Id="2225" TagName="chainer" Count="44" ExcerptPostId="44574" WikiPostId="44573" />
  <row Id="2227" TagName="英語" Count="15" ExcerptPostId="26751" WikiPostId="26750" />
  <row Id="2230" TagName="google-cloud" Count="87" />
  <row Id="2231" TagName="tensorflow" Count="157" ExcerptPostId="21904" WikiPostId="21903" />
  <row Id="2233" TagName="専門用語" Count="16" ExcerptPostId="21949" WikiPostId="21948" />
  <row Id="2234" TagName="端末エミュレーター" Count="3" ExcerptPostId="26636" WikiPostId="26635" />
  <row Id="2235" TagName="amazon-elb" Count="11" ExcerptPostId="22525" WikiPostId="22524" />
  <row Id="2236" TagName="hadoop" Count="6" />
  <row Id="2237" TagName="端末" Count="5" ExcerptPostId="26634" WikiPostId="26633" />
  <row Id="2238" TagName="teraterm" Count="19" ExcerptPostId="22518" WikiPostId="22517" />
  <row Id="2239" TagName="viewpager" Count="2" />
  <row Id="2241" TagName="cobol" Count="2" />
  <row Id="2242" TagName="x11" Count="9" ExcerptPostId="26632" WikiPostId="26631" />
  <row Id="2247" TagName="numpy" Count="160" ExcerptPostId="30368" WikiPostId="30367" />
  <row Id="2248" TagName="scipy" Count="21" />
  <row Id="2250" TagName="ipアドレス" Count="7" ExcerptPostId="22523" WikiPostId="22522" />
  <row Id="2251" TagName="posix" Count="15" ExcerptPostId="26630" WikiPostId="26629" />
  <row Id="2254" TagName="gcc" Count="56" ExcerptPostId="22520" WikiPostId="22519" />
  <row Id="2255" TagName="gentoo" Count="1" ExcerptPostId="22516" WikiPostId="22515" />
  <row Id="2262" TagName="session" Count="15" />
  <row Id="2267" TagName="数学" Count="26" ExcerptPostId="24202" WikiPostId="24201" />
  <row Id="2271" TagName="react-native" Count="26" ExcerptPostId="56979" WikiPostId="56978" />
  <row Id="2273" TagName="urhosharp" Count="1" ExcerptPostId="23021" WikiPostId="23020" />
  <row Id="2283" TagName="promise" Count="24" ExcerptPostId="56958" WikiPostId="56957" />
  <row Id="2284" TagName="ansible" Count="35" ExcerptPostId="27255" WikiPostId="27254" />
  <row Id="2291" TagName="solaris" Count="8" />
  <row Id="2292" TagName="sourcetree" Count="13" ExcerptPostId="26689" WikiPostId="26688" />
  <row Id="2293" TagName="curl" Count="29" ExcerptPostId="31375" WikiPostId="31374" />
  <row Id="2296" TagName="vpc" Count="9" ExcerptPostId="68542" WikiPostId="68541" />
  <row Id="2297" TagName="amazon-ec2" Count="80" ExcerptPostId="30275" WikiPostId="30274" />
  <row Id="2303" TagName="clang" Count="8" ExcerptPostId="31425" WikiPostId="31424" />
  <row Id="2310" TagName="shell" Count="31" />
  <row Id="2311" TagName="win-universal-app" Count="5" />
  <row Id="2322" TagName="google-api" Count="69" />
  <row Id="2333" TagName="autohotkey" Count="3" />
  <row Id="2334" TagName="youtube" Count="21" />
  <row Id="2336" TagName="material-ui" Count="11" />
  <row Id="2337" TagName="packer" Count="1" ExcerptPostId="26599" WikiPostId="26598" />
  <row Id="2343" TagName="sonatype-nexus" Count="2" ExcerptPostId="26641" WikiPostId="26640" />
  <row Id="2348" TagName="mecab" Count="43" ExcerptPostId="43417" WikiPostId="43416" />
  <row Id="2355" TagName="keras" Count="80" ExcerptPostId="50994" WikiPostId="50993" />
  <row Id="2357" TagName="es6" Count="10" />
  <row Id="2359" TagName="構成管理" Count="4" />
  <row Id="2360" TagName="hls" Count="4" />
  <row Id="2361" TagName="browser" Count="19" ExcerptPostId="31368" WikiPostId="31367" />
  <row Id="2362" TagName="swift3" Count="178" ExcerptPostId="36985" WikiPostId="36984" />
  <row Id="2363" TagName="アーキテクチャ" Count="8" ExcerptPostId="56222" WikiPostId="56221" />
  <row Id="2364" TagName="anaconda" Count="113" ExcerptPostId="43804" WikiPostId="43803" />
  <row Id="2365" TagName="db2" Count="4" ExcerptPostId="27074" WikiPostId="27073" />
  <row Id="2367" TagName="watson-api" Count="13" />
  <row Id="2368" TagName="thai" Count="2" />
  <row Id="2375" TagName="csh" Count="5" ExcerptPostId="31430" WikiPostId="31429" />
  <row Id="2379" TagName="jq" Count="13" ExcerptPostId="27470" WikiPostId="27469" />
  <row Id="2382" TagName="jar" Count="6" />
  <row Id="2385" TagName="docker-compose" Count="57" />
  <row Id="2386" TagName="matlab" Count="36" ExcerptPostId="48714" WikiPostId="48713" />
  <row Id="2393" TagName="サーバー管理" Count="14" />
  <row Id="2395" TagName="thymeleaf" Count="30" />
  <row Id="2396" TagName="firebase" Count="149" ExcerptPostId="56967" WikiPostId="56966" />
  <row Id="2398" TagName="spark" Count="7" />
  <row Id="2399" TagName="xamarin-native" Count="3" />
  <row Id="2400" TagName="yum" Count="33" ExcerptPostId="31706" WikiPostId="31705" />
  <row Id="2401" TagName="redhat" Count="2" />
  <row Id="2408" TagName="コマンドプロンプト" Count="23" ExcerptPostId="30146" WikiPostId="30145" />
  <row Id="2409" TagName="ニューラルネットワーク" Count="13" />
  <row Id="2411" TagName="深層学習" Count="83" />
  <row Id="2414" TagName="array" Count="105" ExcerptPostId="28939" WikiPostId="28938" />
  <row Id="2417" TagName="mail" Count="36" />
  <row Id="2419" TagName="stackexchange-api" Count="2" ExcerptPostId="29156" WikiPostId="29155" />
  <row Id="2420" TagName="行列" Count="12" ExcerptPostId="30148" WikiPostId="30147" />
  <row Id="2432" TagName="firefox-webextension" Count="6" />
  <row Id="2433" TagName="locale" Count="3" ExcerptPostId="29455" WikiPostId="29454" />
  <row Id="2440" TagName="git-flow" Count="4" ExcerptPostId="29576" WikiPostId="29575" />
  <row Id="2443" TagName="os-x-key-bindings" Count="4" />
  <row Id="2456" TagName="cms" Count="6" ExcerptPostId="30136" WikiPostId="30135" />
  <row Id="2457" TagName="phpunit" Count="6" ExcerptPostId="30273" WikiPostId="30272" />
  <row Id="2462" TagName="テスト" Count="47" ExcerptPostId="56977" WikiPostId="56976" />
  <row Id="2463" TagName="ios10" Count="9" />
  <row Id="2466" TagName="capacity-planning" Count="1" ExcerptPostId="30457" WikiPostId="30456" />
  <row Id="2469" TagName="url" Count="24" />
  <row Id="2479" TagName="pyenv" Count="23" />
  <row Id="2480" TagName="python3" Count="1183" ExcerptPostId="37155" WikiPostId="37154" />
  <row Id="2481" TagName="ctags" Count="2" ExcerptPostId="31432" WikiPostId="31431" />
  <row Id="2488" TagName="マルチスレッド" Count="19" ExcerptPostId="56950" WikiPostId="56949" />
  <row Id="2490" TagName="git-bash" Count="9" ExcerptPostId="30863" WikiPostId="30862" />
  <row Id="2491" TagName="gdb" Count="5" />
  <row Id="2493" TagName="browser-sync" Count="3" ExcerptPostId="30893" WikiPostId="30892" />
  <row Id="2505" TagName="google-drive-sdk" Count="15" ExcerptPostId="31220" WikiPostId="31219" />
  <row Id="2508" TagName="usb" Count="23" />
  <row Id="2513" TagName="gpu" Count="36" />
  <row Id="2515" TagName="postcss" Count="3" ExcerptPostId="31556" WikiPostId="31555" />
  <row Id="2516" TagName="pygame" Count="15" ExcerptPostId="31602" WikiPostId="31601" />
  <row Id="2517" TagName="gui" Count="19" />
  <row Id="2518" TagName="c99" Count="2" />
  <row Id="2526" TagName="kernel" Count="15" />
  <row Id="2527" TagName="命名規則" Count="5" />
  <row Id="2528" TagName="systemd" Count="16" />
  <row Id="2535" TagName="slack" Count="12" ExcerptPostId="43197" WikiPostId="43196" />
  <row Id="2536" TagName="openssh" Count="14" ExcerptPostId="39921" WikiPostId="39920" />
  <row Id="2542" TagName="angular2" Count="13" />
  <row Id="2545" TagName="coding-style" Count="6" />
  <row Id="2553" TagName="dplyr" Count="10" />
  <row Id="2554" TagName="ggplot2" Count="12" />
  <row Id="2560" TagName="docker-for-mac" Count="9" />
  <row Id="2563" TagName="godoc" Count="2" ExcerptPostId="32929" WikiPostId="32928" />
  <row Id="2565" TagName="slick" Count="3" />
  <row Id="2566" TagName="google-visualization" Count="1" ExcerptPostId="33486" WikiPostId="33485" />
  <row Id="2568" TagName="ionic2" Count="6" />
  <row Id="2569" TagName="wsl" Count="50" ExcerptPostId="33265" WikiPostId="33264" />
  <row Id="2577" TagName="amazon-mws" Count="1" ExcerptPostId="33483" WikiPostId="33482" />
  <row Id="2578" TagName="drupal" Count="2" ExcerptPostId="35779" WikiPostId="35778" />
  <row Id="2579" TagName="aws-lambda" Count="52" ExcerptPostId="51720" WikiPostId="51719" />
  <row Id="2580" TagName="文字コード" Count="24" ExcerptPostId="33565" WikiPostId="33564" />
  <row Id="2582" TagName="zabbix" Count="5" />
  <row Id="2586" TagName="pepper" Count="9" />
  <row Id="2592" TagName="vscode" Count="186" ExcerptPostId="34019" WikiPostId="34018" />
  <row Id="2596" TagName="angular4" Count="28" />
  <row Id="2597" TagName="xcode8" Count="10" ExcerptPostId="62850" WikiPostId="62849" />
  <row Id="2600" TagName="xslt" Count="15" />
  <row Id="2605" TagName="uml" Count="7" />
  <row Id="2606" TagName="qemu" Count="7" />
  <row Id="2611" TagName="graphviz" Count="11" />
  <row Id="2612" TagName="dot" Count="5" ExcerptPostId="34493" WikiPostId="34492" />
  <row Id="2616" TagName="verilog" Count="2" ExcerptPostId="34911" WikiPostId="34910" />
  <row Id="2617" TagName="hdl" Count="3" ExcerptPostId="34913" WikiPostId="34912" />
  <row Id="2622" TagName="tslint" Count="2" ExcerptPostId="35099" WikiPostId="35098" />
  <row Id="2623" TagName="x86" Count="8" />
  <row Id="2624" TagName="assembly" Count="12" />
  <row Id="2628" TagName="icloud" Count="2" />
  <row Id="2641" TagName="bitnami" Count="6" />
  <row Id="2642" TagName="mov" Count="2" />
  <row Id="2643" TagName="tidyverse" Count="18" ExcerptPostId="36258" WikiPostId="36257" />
  <row Id="2647" TagName="jupyter-notebook" Count="104" ExcerptPostId="36398" WikiPostId="36397" />
  <row Id="2649" TagName="md5sum" Count="2" ExcerptPostId="36933" WikiPostId="36932" />
  <row Id="2651" TagName="msgpack" Count="1" ExcerptPostId="36590" WikiPostId="36589" />
  <row Id="2655" TagName="吉里吉里" Count="1" ExcerptPostId="36931" WikiPostId="36930" />
  <row Id="2656" TagName="md5" Count="4" ExcerptPostId="36935" WikiPostId="36934" />
  <row Id="2658" TagName="jackson" Count="6" />
  <row Id="2667" TagName="unity2d" Count="62" ExcerptPostId="37117" WikiPostId="37116" />
  <row Id="2668" TagName="random" Count="11" />
  <row Id="2669" TagName="uwp" Count="7" />
  <row Id="2671" TagName="macos" Count="494" ExcerptPostId="40296" WikiPostId="40295" />
  <row Id="2676" TagName="pari" Count="3" ExcerptPostId="37334" WikiPostId="37333" />
  <row Id="2677" TagName="圧縮" Count="4" />
  <row Id="2678" TagName="gzip" Count="4" />
  <row Id="2679" TagName="deflate" Count="2" ExcerptPostId="37375" WikiPostId="37374" />
  <row Id="2681" TagName="センサー" Count="5" />
  <row Id="2682" TagName="scp" Count="6" />
  <row Id="2684" TagName="reactive-programming" Count="9" ExcerptPostId="56973" WikiPostId="56972" />
  <row Id="2685" TagName="サクラエディタ" Count="3" />
  <row Id="2686" TagName="vi" Count="5" ExcerptPostId="56965" WikiPostId="56964" />
  <row Id="2690" TagName="vpn" Count="16" />
  <row Id="2699" TagName="iphone-x" Count="4" ExcerptPostId="38423" WikiPostId="38422" />
  <row Id="2706" TagName="sympy" Count="55" ExcerptPostId="38789" WikiPostId="38788" />
  <row Id="2707" TagName="siv3d" Count="1" ExcerptPostId="38856" WikiPostId="38855" />
  <row Id="2715" TagName="apache-camel" Count="2" />
  <row Id="2717" TagName="udp" Count="7" />
  <row Id="2718" TagName="adobe-brackets" Count="4" ExcerptPostId="39676" WikiPostId="39675" />
  <row Id="2724" TagName="caffe" Count="4" ExcerptPostId="40024" WikiPostId="40023" />
  <row Id="2725" TagName="python2" Count="35" ExcerptPostId="45408" WikiPostId="45407" />
  <row Id="2726" TagName="jboss" Count="7" />
  <row Id="2729" TagName="swift4" Count="136" ExcerptPostId="40194" WikiPostId="40193" />
  <row Id="2731" TagName="浮動小数点数" Count="8" />
  <row Id="2732" TagName="認証認可" Count="5" />
  <row Id="2739" TagName="wkwebview" Count="5" />
  <row Id="2748" TagName="letsencrypt" Count="17" />
  <row Id="2749" TagName="量子コンピュータ" Count="3" />
  <row Id="2750" TagName="暗号理論" Count="9" />
  <row Id="2752" TagName="choregraphe" Count="4" ExcerptPostId="41145" WikiPostId="41144" />
  <row Id="2758" TagName="dialogflow" Count="6" />
  <row Id="2759" TagName="pyside" Count="21" />
  <row Id="2760" TagName="ethereum" Count="20" />
  <row Id="2761" TagName="cython" Count="6" ExcerptPostId="41294" WikiPostId="41293" />
  <row Id="2762" TagName="aws-cli" Count="17" ExcerptPostId="51729" WikiPostId="51728" />
  <row Id="2764" TagName="pyqt" Count="31" ExcerptPostId="44511" WikiPostId="44510" />
  <row Id="2769" TagName="binary" Count="5" />
  <row Id="2771" TagName="fpga" Count="8" />
  <row Id="2772" TagName="lpr" Count="2" />
  <row Id="2777" TagName="google-cloud-storage" Count="14" />
  <row Id="2780" TagName="ハードウェア" Count="11" />
  <row Id="2781" TagName="spacemacs" Count="4" ExcerptPostId="41942" WikiPostId="41941" />
  <row Id="2786" TagName="cmd" Count="10" ExcerptPostId="42173" WikiPostId="42172" />
  <row Id="2788" TagName="open-xml" Count="2" />
  <row Id="2795" TagName="wildfly" Count="8" />
  <row Id="2798" TagName="logging" Count="12" />
  <row Id="2803" TagName="appium" Count="1" ExcerptPostId="42723" WikiPostId="42722" />
  <row Id="2804" TagName="tortoisegit" Count="6" ExcerptPostId="42771" WikiPostId="42770" />
  <row Id="2805" TagName="conoha" Count="6" ExcerptPostId="42776" WikiPostId="42775" />
  <row Id="2806" TagName="reactivex" Count="6" ExcerptPostId="42797" WikiPostId="42796" />
  <row Id="2807" TagName="line" Count="21" ExcerptPostId="42812" WikiPostId="42811" />
  <row Id="2812" TagName="squid" Count="3" ExcerptPostId="42863" WikiPostId="42862" />
  <row Id="2813" TagName="rpa" Count="5" />
  <row Id="2814" TagName="kaggle" Count="8" />
  <row Id="2815" TagName="indesign" Count="2" />
  <row Id="2816" TagName="autocad" Count="7" ExcerptPostId="48344" WikiPostId="48343" />
  <row Id="2820" TagName="operating-system" Count="9" ExcerptPostId="43095" WikiPostId="43094" />
  <row Id="2821" TagName="nuxt.js" Count="57" ExcerptPostId="43135" WikiPostId="43134" />
  <row Id="2822" TagName="forth" Count="1" ExcerptPostId="43151" WikiPostId="43150" />
  <row Id="2823" TagName="gforth" Count="1" ExcerptPostId="43153" WikiPostId="43152" />
  <row Id="2824" TagName="chart.js" Count="18" ExcerptPostId="43203" WikiPostId="43202" />
  <row Id="2829" TagName="xsl-fo" Count="15" />
  <row Id="2830" TagName="組版" Count="3" />
  <row Id="2831" TagName="gnuplot" Count="2" />
  <row Id="2832" TagName="angular5" Count="3" />
  <row Id="2834" TagName="arx" Count="6" />
  <row Id="2839" TagName="anaconda3" Count="18" />
  <row Id="2848" TagName="aws-iam" Count="8" ExcerptPostId="51731" WikiPostId="51730" />
  <row Id="2853" TagName="gpio" Count="9" ExcerptPostId="43899" WikiPostId="43898" />
  <row Id="2856" TagName="dll" Count="12" />
  <row Id="2862" TagName="aws-elasticbeanstalk" Count="5" ExcerptPostId="51733" WikiPostId="51732" />
  <row Id="2863" TagName="selinux" Count="5" ExcerptPostId="44014" WikiPostId="44013" />
  <row Id="2866" TagName="whenever" Count="2" />
  <row Id="2870" TagName="circleci" Count="17" />
  <row Id="2872" TagName="uwsgi" Count="9" />
  <row Id="2878" TagName="chocolatey" Count="4" />
  <row Id="2899" TagName="python-idle" Count="13" ExcerptPostId="44592" WikiPostId="44591" />
  <row Id="2901" TagName="ijcad" Count="72" ExcerptPostId="53014" WikiPostId="53013" />
  <row Id="2902" TagName="nixos" Count="1" ExcerptPostId="44627" WikiPostId="44626" />
  <row Id="2903" TagName="nix" Count="1" ExcerptPostId="44629" WikiPostId="44628" />
  <row Id="2904" TagName="nixpkgs" Count="1" ExcerptPostId="44631" WikiPostId="44630" />
  <row Id="2918" TagName="hosts" Count="4" />
  <row Id="2922" TagName="ipython" Count="6" />
  <row Id="2924" TagName="dash" Count="5" ExcerptPostId="44952" WikiPostId="44951" />
  <row Id="2926" TagName="amazon-linux" Count="26" />
  <row Id="2927" TagName="epplus" Count="1" ExcerptPostId="44994" WikiPostId="44993" />
  <row Id="2928" TagName="バイナリファイル" Count="7" />
  <row Id="2936" TagName="nodenv" Count="4" />
  <row Id="2937" TagName="pyqt5" Count="38" />
  <row Id="2943" TagName="wifi" Count="12" />
  <row Id="2945" TagName="web" Count="2" ExcerptPostId="63252" WikiPostId="63251" />
  <row Id="2956" TagName="sorcery" Count="4" />
  <row Id="2957" TagName="さくらインターネット" Count="2" ExcerptPostId="45406" WikiPostId="45405" />
  <row Id="2959" TagName="aws-cloudformation" Count="10" ExcerptPostId="51718" WikiPostId="51717" />
  <row Id="2960" TagName="印刷" Count="6" />
  <row Id="2967" TagName="bokeh" Count="10" ExcerptPostId="55444" WikiPostId="55443" />
  <row Id="2975" TagName="openpyxl" Count="12" ExcerptPostId="46663" WikiPostId="46662" />
  <row Id="2982" TagName="file" Count="6" />
  <row Id="2983" TagName="beautifulsoup" Count="40" ExcerptPostId="46777" WikiPostId="46776" />
  <row Id="2984" TagName="google-colaboratory" Count="42" ExcerptPostId="46784" WikiPostId="46783" />
  <row Id="2988" TagName="discord" Count="27" ExcerptPostId="46878" WikiPostId="46877" />
  <row Id="3002" TagName="kivy" Count="9" />
  <row Id="3007" TagName="シリアル通信" Count="11" />
  <row Id="3014" TagName="octave" Count="4" ExcerptPostId="47330" WikiPostId="47329" />
  <row Id="3020" TagName="cgi" Count="7" />
  <row Id="3021" TagName="sikulix" Count="5" />
  <row Id="3025" TagName="mips" Count="7" />
  <row Id="3039" TagName="bootstrap4" Count="5" />
  <row Id="3042" TagName="kubernetes" Count="32" />
  <row Id="3046" TagName="winexe" Count="1" ExcerptPostId="47829" WikiPostId="47828" />
  <row Id="3059" TagName="spresense" Count="206" ExcerptPostId="48010" WikiPostId="48009" />
  <row Id="3063" TagName="mysql-workbench" Count="2" />
  <row Id="3065" TagName="reason" Count="2" />
  <row Id="3067" TagName="julia-lang" Count="30" />
  <row Id="3068" TagName="llvm" Count="4" />
  <row Id="3073" TagName="puppeteer" Count="10" ExcerptPostId="48195" WikiPostId="48194" />
  <row Id="3074" TagName="mingw" Count="11" ExcerptPostId="48199" WikiPostId="48198" />
  <row Id="3081" TagName="spyder" Count="11" />
  <row Id="3091" TagName="pytorch" Count="49" ExcerptPostId="61791" WikiPostId="61790" />
  <row Id="3093" TagName="form" Count="22" />
  <row Id="3094" TagName="mpi" Count="2" />
  <row Id="3095" TagName="webrtc" Count="4" />
  <row Id="3108" TagName="babeljs" Count="15" ExcerptPostId="48809" WikiPostId="48808" />
  <row Id="3117" TagName="mercurial" Count="1" ExcerptPostId="48994" WikiPostId="48993" />
  <row Id="3118" TagName="jcl" Count="1" ExcerptPostId="48996" WikiPostId="48995" />
  <row Id="3119" TagName="smalltalk" Count="1" ExcerptPostId="48999" WikiPostId="48998" />
  <row Id="3123" TagName="sudo" Count="14" ExcerptPostId="56983" WikiPostId="56982" />
  <row Id="3136" TagName="検索" Count="2" />
  <row Id="3138" TagName="arkit" Count="2" ExcerptPostId="49337" WikiPostId="49336" />
  <row Id="3139" TagName="i2c" Count="3" ExcerptPostId="49340" WikiPostId="49339" />
  <row Id="3140" TagName="yaml" Count="8" ExcerptPostId="49351" WikiPostId="49350" />
  <row Id="3141" TagName="mastodon" Count="3" />
  <row Id="3142" TagName="tk" Count="6" ExcerptPostId="49488" WikiPostId="49487" />
  <row Id="3150" TagName="visual-c++" Count="11" />
  <row Id="3151" TagName="angular6" Count="2" />
  <row Id="3156" TagName="asp.net-core" Count="18" />
  <row Id="3157" TagName=".net-core" Count="20" />
  <row Id="3160" TagName="google-kubernetes-engine" Count="6" />
  <row Id="3161" TagName="chromedriver" Count="16" />
  <row Id="3163" TagName="tex" Count="4" ExcerptPostId="51473" WikiPostId="51472" />
  <row Id="3164" TagName="スワップ" Count="3" />
  <row Id="3165" TagName="mathjax" Count="4" />
  <row Id="3168" TagName="oss" Count="8" />
  <row Id="3171" TagName="mypy" Count="3" />
  <row Id="3172" TagName="動画" Count="7" />
  <row Id="3182" TagName="angular" Count="20" ExcerptPostId="72584" WikiPostId="72583" />
  <row Id="3186" TagName="vectorworks" Count="1" ExcerptPostId="52944" WikiPostId="52943" />
  <row Id="3192" TagName="tar" Count="2" />
  <row Id="3194" TagName="openmp" Count="2" />
  <row Id="3198" TagName="pycharm" Count="18" ExcerptPostId="55396" WikiPostId="55395" />
  <row Id="3199" TagName="fedora" Count="3" />
  <row Id="3201" TagName="pyspark" Count="3" />
  <row Id="3202" TagName="エディタ" Count="4" ExcerptPostId="53425" WikiPostId="53424" />
  <row Id="3205" TagName="yarn" Count="8" />
  <row Id="3211" TagName="purescript" Count="3" />
  <row Id="3215" TagName="sqlalchemy" Count="11" />
  <row Id="3216" TagName="swift5" Count="40" ExcerptPostId="54119" WikiPostId="54118" />
  <row Id="3217" TagName="pipenv" Count="7" ExcerptPostId="54745" WikiPostId="54744" />
  <row Id="3220" TagName="openapi" Count="4" ExcerptPostId="54736" WikiPostId="54735" />
  <row Id="3221" TagName="grub" Count="2" />
  <row Id="3222" TagName="webassembly" Count="3" ExcerptPostId="54261" WikiPostId="54260" />
  <row Id="3236" TagName="bioinformatics" Count="6" />
  <row Id="3238" TagName="flutter" Count="51" />
  <row Id="3242" TagName="p2p" Count="5" />
  <row Id="3244" TagName="openapi-generator" Count="2" ExcerptPostId="55258" WikiPostId="55257" />
  <row Id="3245" TagName="solidity" Count="10" />
  <row Id="3248" TagName="msys2" Count="5" />
  <row Id="3250" TagName="mruby" Count="1" ExcerptPostId="55581" WikiPostId="55580" />
  <row Id="3251" TagName="rdp" Count="1" ExcerptPostId="55609" WikiPostId="55608" />
  <row Id="3252" TagName="tableau" Count="1" ExcerptPostId="55685" WikiPostId="55684" />
  <row Id="3254" TagName="read-the-docs" Count="1" ExcerptPostId="55709" WikiPostId="55708" />
  <row Id="3256" TagName="virtualenv" Count="2" ExcerptPostId="55780" WikiPostId="55779" />
  <row Id="3260" TagName="rhel" Count="18" />
  <row Id="3262" TagName="odbc" Count="3" />
  <row Id="3263" TagName="encryption" Count="4" />
  <row Id="3264" TagName="dependency-injection" Count="2" ExcerptPostId="56189" WikiPostId="56188" />
  <row Id="3265" TagName="rx-swift" Count="8" ExcerptPostId="56213" WikiPostId="56212" />
  <row Id="3266" TagName="swinject" Count="2" ExcerptPostId="56218" WikiPostId="56217" />
  <row Id="3267" TagName="ジェネリクス" Count="7" ExcerptPostId="56224" WikiPostId="56223" />
  <row Id="3268" TagName="循環参照" Count="5" ExcerptPostId="56226" WikiPostId="56225" />
  <row Id="3269" TagName="tox" Count="1" ExcerptPostId="56304" WikiPostId="56303" />
  <row Id="3273" TagName="apollo" Count="1" ExcerptPostId="56620" WikiPostId="56619" />
  <row Id="3274" TagName="graphql" Count="2" ExcerptPostId="56618" WikiPostId="56617" />
  <row Id="3281" TagName="mockito" Count="3" />
  <row Id="3287" TagName="数値解析" Count="2" ExcerptPostId="57461" WikiPostId="57460" />
  <row Id="3289" TagName="plantuml" Count="4" />
  <row Id="3293" TagName="pymysql" Count="4" ExcerptPostId="57849" WikiPostId="57848" />
  <row Id="3294" TagName="symfony" Count="6" />
  <row Id="3295" TagName="vsftpd" Count="3" />
  <row Id="3296" TagName="deeplearning4j" Count="2" ExcerptPostId="61787" WikiPostId="61786" />
  <row Id="3297" TagName="aws-cloudwatch" Count="5" />
  <row Id="3302" TagName="jquery-mobile" Count="15" />
  <row Id="3303" TagName="mapbox" Count="3" ExcerptPostId="57962" WikiPostId="57961" />
  <row Id="3305" TagName="pypi" Count="1" ExcerptPostId="59017" WikiPostId="59016" />
  <row Id="3307" TagName="datagridview" Count="10" />
  <row Id="3313" TagName="vivado" Count="3" ExcerptPostId="59288" WikiPostId="59287" />
  <row Id="3319" TagName="aws-sdk" Count="4" />
  <row Id="3320" TagName="carthage" Count="2" />
  <row Id="3322" TagName="gpg" Count="3" />
  <row Id="3324" TagName="rollupjs" Count="4" />
  <row Id="3325" TagName="zynq" Count="3" ExcerptPostId="60091" WikiPostId="60090" />
  <row Id="3330" TagName="google-calendar-api" Count="9" />
  <row Id="3331" TagName="google-analytics" Count="9" />
  <row Id="3333" TagName="aibo-developer" Count="17" ExcerptPostId="62317" WikiPostId="62316" />
  <row Id="3334" TagName="aibo-visual-programming" Count="11" ExcerptPostId="62315" WikiPostId="62314" />
  <row Id="3336" TagName="gitbucket" Count="3" />
  <row Id="3340" TagName="google-groups" Count="2" />
  <row Id="3341" TagName="rad-studio" Count="7" />
  <row Id="3347" TagName="google-search" Count="9" />
  <row Id="3349" TagName="gsuite" Count="2" />
  <row Id="3351" TagName="bios" Count="2" />
  <row Id="3354" TagName="github-pages" Count="11" />
  <row Id="3355" TagName="jekyll" Count="2" />
  <row Id="3361" TagName="gnome" Count="4" />
  <row Id="3362" TagName="unreal-engine4" Count="2" />
  <row Id="3372" TagName="swiftui" Count="56" ExcerptPostId="61888" WikiPostId="61887" />
  <row Id="3373" TagName="supervisor" Count="2" />
  <row Id="3383" TagName="garmin" Count="1" ExcerptPostId="62351" WikiPostId="62350" />
  <row Id="3386" TagName="aws-ecr" Count="2" />
  <row Id="3392" TagName="rds" Count="2" ExcerptPostId="63194" WikiPostId="63193" />
  <row Id="3393" TagName="gatsby" Count="8" />
  <row Id="3395" TagName="combine" Count="4" ExcerptPostId="63013" WikiPostId="63012" />
  <row Id="3396" TagName="prism" Count="2" />
  <row Id="3400" TagName="jestjs" Count="10" />
  <row Id="3401" TagName="recaptcha" Count="6" />
  <row Id="3402" TagName="amazon-rds" Count="9" ExcerptPostId="63196" WikiPostId="63195" />
  <row Id="3405" TagName="id3タグ" Count="2" />
  <row Id="3406" TagName="smb" Count="4" ExcerptPostId="63212" WikiPostId="63211" />
  <row Id="3407" TagName="ms-office" Count="7" ExcerptPostId="63275" WikiPostId="63274" />
  <row Id="3408" TagName="nuget" Count="5" />
  <row Id="3411" TagName="twig" Count="5" />
  <row Id="3412" TagName="google-tag-manager" Count="2" />
  <row Id="3415" TagName="narray" Count="2" />
  <row Id="3416" TagName="microsoft-graph" Count="6" />
  <row Id="3417" TagName="re-view" Count="1" ExcerptPostId="63700" WikiPostId="63699" />
  <row Id="3418" TagName="winscp" Count="3" />
  <row Id="3421" TagName="visio" Count="3" />
  <row Id="3425" TagName="github-desktop" Count="3" ExcerptPostId="63999" WikiPostId="63998" />
  <row Id="3426" TagName="single-page-application" Count="4" />
  <row Id="3427" TagName="docker-toolbox" Count="4" />
  <row Id="3431" TagName="vnc" Count="3" />
  <row Id="3446" TagName="amazon-redshift" Count="5" />
  <row Id="3449" TagName="ウィジェット" Count="3" />
  <row Id="3469" TagName="microsoft-teams" Count="4" />
  <row Id="3474" TagName="inno-setup" Count="3" />
  <row Id="3492" TagName="mermaid" Count="1" ExcerptPostId="66112" WikiPostId="66111" />
  <row Id="3496" TagName="rsa" Count="5" />
  <row Id="3510" TagName="esp32" Count="10" />
  <row Id="3511" TagName="bluetooth-lowenergy" Count="9" />
  <row Id="3516" TagName="png" Count="2" />
  <row Id="3517" TagName="audio" Count="3" />
  <row Id="3523" TagName="go-echo" Count="3" ExcerptPostId="66692" WikiPostId="66691" />
  <row Id="3524" TagName="jwt" Count="4" ExcerptPostId="66690" WikiPostId="66689" />
  <row Id="3525" TagName="python-requests" Count="24" />
  <row Id="3528" TagName="python-multiprocessing" Count="12" ExcerptPostId="66727" WikiPostId="66726" />
  <row Id="3532" TagName="emeditor" Count="92" ExcerptPostId="69871" WikiPostId="69870" />
  <row Id="3534" TagName="active-directory" Count="3" />
  <row Id="3543" TagName="ファイル入出力" Count="3" />
  <row Id="3562" TagName="spring-security" Count="11" />
  <row Id="3582" TagName="dart" Count="23" />
  <row Id="3590" TagName="画像処理" Count="10" />
  <row Id="3597" TagName="jmockit" Count="2" />
  <row Id="3605" TagName="amazon-dynamodb" Count="9" />
  <row Id="3608" TagName="sdl" Count="2" />
  <row Id="3609" TagName="pyinstaller" Count="10" />
  <row Id="3613" TagName="windows-server" Count="13" />
  <row Id="3637" TagName="webapi" Count="24" ExcerptPostId="69012" WikiPostId="69011" />
  <row Id="3643" TagName="import" Count="2" />
  <row Id="3672" TagName="redash" Count="2" />
  <row Id="3697" TagName="chrome-web-store" Count="2" />
  <row Id="3729" TagName="gmail-api" Count="2" />
  <row Id="3731" TagName="xcode12" Count="9" ExcerptPostId="70659" WikiPostId="70658" />
  <row Id="3734" TagName="wmv" Count="2" ExcerptPostId="70732" WikiPostId="70731" />
  <row Id="3735" TagName="mediainfo" Count="1" ExcerptPostId="70735" WikiPostId="70734" />
  <row Id="3741" TagName="ルーター" Count="2" />
  <row Id="3748" TagName="web-worker" Count="2" />
  <row Id="3751" TagName="plsql" Count="5" />
  <row Id="3753" TagName="ipsec" Count="2" />
  <row Id="3777" TagName="express.js" Count="3" />
  <row Id="3780" TagName="terraform" Count="4" />
  <row Id="3792" TagName="quantum-computing" Count="2" />
  <row Id="3802" TagName="swagger" Count="3" />
  <row Id="3803" TagName="next.js" Count="24" ExcerptPostId="75653" WikiPostId="75652" />
  <row Id="3816" TagName="jupyter-lab" Count="15" />
  <row Id="3817" TagName="pydrive" Count="2" />
  <row Id="3826" TagName="libreoffice" Count="4" />
  <row Id="3830" TagName="vuex" Count="6" />
  <row Id="3856" TagName="snmp" Count="3" />
  <row Id="3859" TagName="pug" Count="3" />
  <row Id="3861" TagName="データの可視化" Count="2" ExcerptPostId="72624" WikiPostId="72623" />
  <row Id="3869" TagName="xamarin.forms" Count="2" />
  <row Id="3874" TagName="swiper" Count="7" />
  <row Id="3888" TagName="rstudio" Count="9" />
  <row Id="3890" TagName="wget" Count="3" />
  <row Id="3897" TagName="webgl" Count="2" />
  <row Id="3935" TagName="networkx" Count="7" />
  <row Id="3950" TagName="cx-freeze" Count="5" ExcerptPostId="74492" WikiPostId="74491" />
  <row Id="3954" TagName="event" Count="2" />
  <row Id="3963" TagName="pine-script" Count="2" />
  <row Id="3966" TagName="neo4j" Count="1" />
  <row Id="3970" TagName="dnf" Count="1" ExcerptPostId="74490" WikiPostId="74489" />
  <row Id="3975" TagName="alexa" Count="1" />
  <row Id="3977" TagName="boto3" Count="2" />
  <row Id="3983" TagName="raid" Count="6" />
  <row Id="3986" TagName="lombok" Count="1" />
  <row Id="3990" TagName="sas" Count="2" ExcerptPostId="74730" WikiPostId="74729" />
  <row Id="3997" TagName="evernote" Count="2" ExcerptPostId="74814" WikiPostId="74813" />
  <row Id="4015" TagName="axios" Count="35" />
  <row Id="4016" TagName="scss" Count="1" />
  <row Id="4022" TagName="postgis" Count="2" />
  <row Id="4024" TagName="ime" Count="1" />
  <row Id="4031" TagName="memory" Count="2" />
  <row Id="4039" TagName="python-venv" Count="5" />
  <row Id="4047" TagName="activeadmin" Count="6" />
  <row Id="4050" TagName="バリデーション" Count="3" />
  <row Id="4051" TagName="wic" Count="1" />
  <row Id="4054" TagName="googletest" Count="1" />
  <row Id="4055" TagName="diff" Count="1" />
  <row Id="4056" TagName="capistorano" Count="2" />
  <row Id="4057" TagName="doclet" Count="1" />
  <row Id="4058" TagName="javadoc" Count="1" />
  <row Id="4059" TagName="google-play-console" Count="3" />
  <row Id="4061" TagName="firefox-addon" Count="1" />
  <row Id="4065" TagName="gatling" Count="2" />
  <row Id="4066" TagName="google-classroom" Count="1" />
  <row Id="4068" TagName="aws-athena" Count="2" />
  <row Id="4069" TagName="winrm" Count="1" />
  <row Id="4071" TagName="seaborn" Count="7" />
  <row Id="4072" TagName="amazon-sns" Count="2" />
  <row Id="4073" TagName="imaplib" Count="1" />
  <row Id="4074" TagName="cisco" Count="1" />
  <row Id="4076" TagName="instagram-graph-api" Count="2" />
  <row Id="4077" TagName="gemfile" Count="2" />
  <row Id="4081" TagName="fabricjs" Count="1" />
  <row Id="4083" TagName="wsl-2" Count="4" />
  <row Id="4085" TagName="nsis" Count="1" />
  <row Id="4087" TagName="google-cloud-platform" Count="4" />
  <row Id="4090" TagName="windows-services" Count="4" ExcerptPostId="78166" WikiPostId="78165" />
  <row Id="4091" TagName="nestjs" Count="1" />
  <row Id="4092" TagName="bitwise" Count="1" />
  <row Id="4093" TagName="aws-cloud9" Count="6" />
  <row Id="4094" TagName="conemu" Count="2" />
  <row Id="4095" TagName="akashic" Count="1" />
  <row Id="4097" TagName="psexec" Count="1" />
  <row Id="4099" TagName="github-actions" Count="6" />
  <row Id="4100" TagName="keep-alive" Count="1" />
  <row Id="4101" TagName="srt" Count="1" />
  <row Id="4102" TagName="clion" Count="1" />
  <row Id="4103" TagName="jetbrains" Count="1" />
  <row Id="4104" TagName="turbolinks" Count="1" />
  <row Id="4105" TagName="route53" Count="1" />
  <row Id="4106" TagName="デバイスドライバ" Count="1" />
  <row Id="4107" TagName="sonarqube" Count="3" />
  <row Id="4110" TagName="tailwindcss" Count="2" />
  <row Id="4113" TagName="webpacker" Count="2" />
  <row Id="4114" TagName="preact" Count="1" />
</tags>